word,ink_name,ink_colour,congruent,correct_key,trials.thisRepN,trials.thisTrialN,trials.thisN,trials.thisIndex,thisRow.t,notes,response_key,response_time,correct,stimulus_onset,participant,session,hand,date,exp_name,psychopyVersion,frame_rate,
AZUL,blanco,#FFFFFF,0,b,0,0,0,4,,,a,1.675838041701354,0,826.1261836249614,021,001,d,2026-09-30_10h14.00.830,stroop_min,2026.2.4,60.00183004879604,
BLANCO,naranja,#E69F00,0,n,0,1,1,8,,,n,1.6844499166472815,1,828.7594663333148,021,001,d,2026-09-30_10h14.00.830,stroop_min,2026.2.4,60.00183004879604,
AZUL,naranja,#E69F00,0,n,0,2,2,3,,,n,1.055397999996785,1,831.4094523749663,021,001,d,2026-09-30_10h14.00.830,stroop_min,2026.2.4,60.00183004879604,
NARANJA,azul,#0072B2,0,a,0,3,3,5,,,a,2.00356024998473,1,833.4262188749854,021,001,d,2026-09-30_10h14.00.830,stroop_min,2026.2.4,60.00183004879604,
AZUL,azul,#0072B2,1,a,0,4,4,0,,,a,0.8309046250069514,1,836.392869833333,021,001,d,2026-09-30_10h14.00.830,stroop_min,2026.2.4,60.00183004879604,
NARANJA,blanco,#FFFFFF,0,b,0,5,5,6,,,b,1.236660499998834,1,838.176136166614,021,001,d,2026-09-30_10h14.00.830,stroop_min,2026.2.4,60.00183004879604,
BLANCO,azul,#0072B2,0,a,0,6,6,7,,,a,2.008455666655209,1,840.3762392499484,021,001,d,2026-09-30_10h14.00.830,stroop_min,2026.2.4,60.00183004879604,
BLANCO,blanco,#FFFFFF,1,b,0,7,7,2,,,b,0.9807387916953303,1,843.3429192916374,021,001,d,2026-09-30_10h14.00.830,stroop_min,2026.2.4,60.00183004879604,
NARANJA,naranja,#E69F00,1,n,0,8,8,1,,,n,0.795331500004977,1,845.2761742916191,021,001,d,2026-09-30_10h14.00.830,stroop_min,2026.2.4,60.00183004879604,
NARANJA,azul,#0072B2,0,a,1,0,9,5,,,a,1.2663855000282638,1,847.0262165833265,021,001,d,2026-09-30_10h14.00.830,stroop_min,2026.2.4,60.00183004879604,
BLANCO,blanco,#FFFFFF,1,b,1,1,10,2,,,b,1.5836722916574217,1,849.2428082083352,021,001,d,2026-09-30_10h14.00.830,stroop_min,2026.2.4,60.00183004879604,
AZUL,azul,#0072B2,1,a,1,2,11,0,,,a,1.1033638333319686,1,851.7761506249662,021,001,d,2026-09-30_10h14.00.830,stroop_min,2026.2.4,60.00183004879604,
AZUL,naranja,#E69F00,0,n,1,3,12,3,,,n,0.8855808333028108,1,853.8429262499558,021,001,d,2026-09-30_10h14.00.830,stroop_min,2026.2.4,60.00183004879604,
AZUL,blanco,#FFFFFF,0,b,1,4,13,4,,,b,0.9015722083277069,1,855.6928611666663,021,001,d,2026-09-30_10h14.00.830,stroop_min,2026.2.4,60.00183004879604,
BLANCO,naranja,#E69F00,0,n,1,5,14,8,,,n,0.9994315833318979,1,857.5429022082826,021,001,d,2026-09-30_10h14.00.830,stroop_min,2026.2.4,60.00183004879604,
NARANJA,naranja,#E69F00,1,n,1,6,15,1,,,n,0.6784773749532178,1,859.49285279162,021,001,d,2026-09-30_10h14.00.830,stroop_min,2026.2.4,60.00183004879604,
BLANCO,azul,#0072B2,0,a,1,7,16,7,,,a,1.2531132083386183,1,861.1262688332936,021,001,d,2026-09-30_10h14.00.830,stroop_min,2026.2.4,60.00183004879604,
NARANJA,blanco,#FFFFFF,0,b,1,8,17,6,,,b,1.0605104583664797,1,863.3428292082972,021,001,d,2026-09-30_10h14.00.830,stroop_min,2026.2.4,60.00183004879604,
NARANJA,azul,#0072B2,0,a,2,0,18,5,,,a,1.2765985833248124,1,865.3595696666162,021,001,d,2026-09-30_10h14.00.830,stroop_min,2026.2.4,60.00183004879604,
AZUL,naranja,#E69F00,0,n,2,1,19,3,,,n,1.4512344166869298,1,867.5929705832968,021,001,d,2026-09-30_10h14.00.830,stroop_min,2026.2.4,60.00183004879604,
AZUL,azul,#0072B2,1,a,2,2,20,0,,,a,1.2506675833137706,1,869.9928489999729,021,001,d,2026-09-30_10h14.00.830,stroop_min,2026.2.4,60.00183004879604,
AZUL,blanco,#FFFFFF,0,b,2,3,21,4,,,b,1.0008070000330918,1,872.1928933750023,021,001,d,2026-09-30_10h14.00.830,stroop_min,2026.2.4,60.00183004879604,
NARANJA,blanco,#FFFFFF,0,b,2,4,22,6,,,b,1.0441978750168346,1,874.142976916628,021,001,d,2026-09-30_10h14.00.830,stroop_min,2026.2.4,60.00183004879604,
NARANJA,naranja,#E69F00,1,n,2,5,23,1,,,n,0.87419391667936,1,876.1428537082975,021,001,d,2026-09-30_10h14.00.830,stroop_min,2026.2.4,60.00183004879604,
BLANCO,azul,#0072B2,0,a,2,6,24,7,,,a,0.8686783750308678,1,877.9763040416292,021,001,d,2026-09-30_10h14.00.830,stroop_min,2026.2.4,60.00183004879604,
BLANCO,naranja,#E69F00,0,n,2,7,25,8,,,n,1.3713263750541955,1,879.8095587916323,021,001,d,2026-09-30_10h14.00.830,stroop_min,2026.2.4,60.00183004879604,
BLANCO,blanco,#FFFFFF,1,b,2,8,26,2,,,b,1.3938632083008997,1,882.142989874992,021,001,d,2026-09-30_10h14.00.830,stroop_min,2026.2.4,60.00183004879604,
NARANJA,azul,#0072B2,0,a,3,0,27,5,,,a,1.047923333302606,1,884.4929246249958,021,001,d,2026-09-30_10h14.00.830,stroop_min,2026.2.4,60.00183004879604,
AZUL,naranja,#E69F00,0,n,3,1,28,3,,,n,1.5864997916505672,1,886.4929270832799,021,001,d,2026-09-30_10h14.00.830,stroop_min,2026.2.4,60.00183004879604,
AZUL,azul,#0072B2,1,a,3,2,29,0,,,a,0.8298237499548122,1,889.042952083284,021,001,d,2026-09-30_10h14.00.830,stroop_min,2026.2.4,60.00183004879604,
BLANCO,blanco,#FFFFFF,1,b,3,3,30,2,,,b,0.8485587916802615,1,890.8262134583201,021,001,d,2026-09-30_10h14.00.830,stroop_min,2026.2.4,60.00183004879604,
NARANJA,naranja,#E69F00,1,n,3,4,31,1,,,n,1.2613548333756626,1,892.6263538749772,021,001,d,2026-09-30_10h14.00.830,stroop_min,2026.2.4,60.00183004879604,
BLANCO,azul,#0072B2,0,a,3,5,32,7,,,a,1.9345961667131633,1,894.8428824166185,021,001,d,2026-09-30_10h14.00.830,stroop_min,2026.2.4,60.00183004879604,
BLANCO,naranja,#E69F00,0,n,3,6,33,8,,,n,1.4483633750351146,1,897.7262329583173,021,001,d,2026-09-30_10h14.00.830,stroop_min,2026.2.4,60.00183004879604,
AZUL,blanco,#FFFFFF,0,b,3,7,34,4,,,b,1.7482272499473765,1,900.1263033333234,021,001,d,2026-09-30_10h14.00.830,stroop_min,2026.2.4,60.00183004879604,
NARANJA,blanco,#FFFFFF,0,b,3,8,35,6,,,b,2.506130125024356,1,902.8263810832868,021,001,d,2026-09-30_10h14.00.830,stroop_min,2026.2.4,60.00183004879604,
